#{"t_start": 1762622655.259359, "env_id": "LunarLander-v3"}
r,l,t
-177.763869,114,0.107995
-134.063932,70,0.145505
-427.183441,99,0.194432
-10.698095,61,0.233188
-87.295635,54,0.260522
-221.125504,98,0.312939
-321.955919,79,0.356681
-238.554292,92,0.403715
-121.343095,91,0.451864
-86.448258,73,0.488864
-95.83096,69,0.52489
-101.757111,69,0.562257
-172.73993,97,1.172021
-153.854248,95,1.227737
-88.47941,60,1.268154
-136.60832,62,1.30838
-135.058399,95,1.36159
-170.161989,117,1.438591
-178.757014,96,1.499088
-27.162554,151,1.596172
-239.77032,68,1.642351
-114.003402,64,1.775957
-138.018437,79,1.822638
-90.349008,67,1.862583
-312.510493,77,2.71325
-216.290771,65,2.751535
-78.804007,89,2.802563
-77.862997,114,2.866269
-209.003145,114,2.933617
-111.779806,97,3.007793
-222.331787,81,3.063867
-88.59536,83,3.115283
-4.950378,90,3.177389
-84.975058,111,3.362891
-450.054978,96,3.434373
49.86128,97,4.070071
-96.375195,79,4.117798
-216.595694,86,4.165781
-190.493292,102,4.224623
-329.539947,111,4.288177
-528.232516,114,4.348023
-100.995609,96,4.400964
-101.504948,88,4.450462
-174.388239,87,4.499606
-194.382618,163,4.654781
-181.240774,129,5.499482
-295.950643,107,5.561193
-368.771344,85,5.608067
-249.725615,100,5.665525
-83.406573,81,5.715518
-132.150868,96,5.81353
-440.855938,127,6.028044
-193.93723,186,6.171476
4.053814,72,6.338309
-224.136622,96,6.998054
-185.399956,121,7.075805
-339.493753,139,7.162593
-99.813436,73,7.209086
-116.603469,90,7.265213
-228.548415,101,7.326223
-110.028493,95,7.380694
-87.306946,78,7.426735
-305.409868,118,7.590559
-259.001631,132,7.67095
-107.959525,167,8.49336
-310.559029,116,8.546204
-274.074603,72,8.578574
-240.047898,130,8.636349
-70.96767,92,8.678123
-314.556626,108,8.727239
-134.441086,79,8.762283
-56.950679,73,8.793617
-105.297597,95,8.838704
-419.046204,126,8.895259
-107.830008,164,9.437949
-41.908118,83,9.475663
-112.42657,116,9.532758
-164.033651,153,9.610062
-69.954435,136,9.675318
-237.849468,97,9.722091
-75.480911,72,9.755304
-33.307858,72,9.787103
-171.142847,77,9.826455
-407.645433,193,10.396503
-77.402643,131,10.457634
-131.952332,86,10.495252
-217.138893,200,10.583017
-109.170929,94,10.625188
-131.627399,95,10.66898
-66.298644,112,10.722433
-79.361108,148,10.788739
20.597168,130,11.296207
-137.476386,150,11.36681
-185.259647,161,11.437475
-153.048592,164,11.512106
-89.54674,90,11.554136
-73.926578,82,11.591281
-126.834795,117,11.643476
-77.763869,114,11.693291
-266.70848,218,12.248079
-162.98343,145,12.313345
-168.14198,105,12.360048
-152.086758,147,12.427867
-283.792609,116,12.478965
-74.842398,132,12.537587
-36.597717,81,12.574042
-182.74205,129,12.631284
-80.685265,155,13.150632
-96.139919,100,13.195978
-112.759179,125,13.252651
-44.87688,103,13.297616
-25.967971,186,13.386413
-195.380211,183,13.467339
-366.11995,141,13.529142
-94.157239,193,14.073443
-54.281321,157,14.143621
-120.278787,156,14.215828
-82.651109,97,14.25857
-204.557797,186,14.339024
-24.412252,129,14.405545
-56.927266,133,14.476277
-103.739227,153,15.072496
-191.761546,93,15.114436
-74.802231,138,15.183974
-69.484021,201,15.274045
12.59431,94,15.319408
-26.319385,142,15.382457
-60.8793,84,15.425406
-197.455996,187,15.950453
-231.28259,281,16.079015
-121.869338,167,16.159135
-44.54797,135,16.220031
-284.137042,219,16.317277
-58.743431,175,16.840124
-185.102712,215,16.938154
-120.474547,226,17.043485
-75.646966,155,17.111126
-332.946999,176,17.189149
-265.678448,121,17.246167
-25.471799,184,17.775211
-248.380333,151,17.846554
-313.157418,260,17.964013
14.910838,226,18.068418
-295.630421,250,18.182751
-59.902366,146,18.697567
27.977431,293,18.827392
-193.767499,106,18.874764
-249.868258,178,18.955729
-180.997966,143,19.019636
-87.722342,252,19.575217
-109.120382,140,19.642085
-234.295479,184,19.728251
-152.845336,116,19.779364
-85.676321,121,19.832925
-161.631387,186,19.916809
-241.01387,173,19.994728
-193.813041,200,20.530275
-146.340906,130,20.588403
-63.94172,127,20.645446
-127.393201,136,20.707158
-1.787153,115,20.762193
-161.321747,276,20.885427
-201.794434,277,21.463014
-255.453078,177,21.542038
-270.857618,281,21.66859
-37.048109,215,21.765293
-172.030928,240,22.326893
39.029305,297,22.456555
-170.219028,97,22.502034
-102.09832,268,22.620282
-52.429964,367,23.240107
-255.680431,200,23.32993
-41.376442,146,23.395453
-174.657646,258,23.511966
-257.958175,322,23.653243
-61.220523,313,24.236019
-58.359705,230,24.335174
0.003905,132,24.396924
-117.310152,181,24.476623
-69.406944,301,25.060933
-142.333781,197,25.147882
-293.392931,283,25.26861
-214.646368,249,25.374892
-96.070447,429,26.011946
-144.177797,456,26.215744
-205.116906,197,26.303497
-83.95922,141,26.379466
-69.175695,391,26.989714
-40.356477,348,27.150567
-23.555248,1000,28.042813
-197.231151,338,28.631702
-63.020604,240,28.734235
-178.114251,624,29.010146
-33.597639,274,29.583023
-181.2613,502,29.813434
-43.952175,341,29.965471
-52.098416,575,30.667822
66.06056,1000,31.564863
8.063548,1000,32.450332
-114.523812,198,32.537237
-94.931912,1000,33.458678
34.103509,1000,34.369969
57.057356,1000,35.255713
-69.260075,1000,36.13078
-5.233337,1000,37.01227
42.828216,1000,37.926452
-40.321148,1000,38.81379
17.828994,1000,39.697513
96.356944,838,40.530757
-24.904704,1000,41.42285
41.897604,1000,42.303252
-8.293444,1000,43.194706
-38.017094,1000,44.083375
-72.496326,1000,44.98493
-69.614324,1000,45.885081
37.900836,1000,46.774675
-17.337632,1000,47.661573
25.111569,1000,48.550157
43.399624,1000,49.438688
161.516193,811,49.795444
109.608401,976,50.743404
-77.995255,1000,51.65058
153.787425,531,52.353812
-75.701505,1000,53.240377
-31.245833,1000,54.116421
-31.915039,1000,54.999076
129.557011,735,55.320417
-32.453199,1000,56.208414
37.135918,1000,57.090378
147.755762,772,57.881699
166.731396,724,58.651553
-94.088421,671,59.405073
148.342552,800,59.760822
-10.785577,1000,60.672089
-138.167156,709,61.441011
-74.754909,756,62.222794
155.160539,731,62.543171
155.111643,754,63.351014
-137.54061,736,64.162512
8.309222,1000,65.052377
171.435513,744,65.821698
158.317132,649,66.111435
-48.598503,1000,67.00004
-60.144439,1000,67.898016
-18.078834,1000,68.785105
74.554261,966,69.67704
143.45644,945,70.585535
9.101627,1000,71.480896
40.066654,1000,72.365807
-99.250349,163,72.43737
124.819319,943,73.292134
-186.175612,560,73.985681
-115.741181,733,74.305684
-226.452571,867,75.132438
-12.01564,1000,76.018508
-66.539683,1000,76.893586
-19.031874,1000,77.774761
94.007719,957,78.637115
-146.678228,943,79.495971
-164.497757,793,80.329472
15.439949,1000,81.284136
-17.140663,1000,82.165587
167.195969,869,82.986471
157.368214,689,83.309088
98.475515,998,84.198559
-28.305122,1000,85.080924
120.098125,787,85.867253
-100.40139,577,86.122189
-83.012083,1000,86.992755
-74.741832,1000,87.880295
-19.330126,1000,88.761744
1.056016,1000,89.651897
155.420476,841,90.464184
26.403454,1000,91.375436
22.650793,1000,92.358447
136.694997,807,93.161539
-162.834391,712,93.93043
72.669069,893,94.324283
-160.951279,732,95.132333
-84.802917,510,95.800538
-123.150636,834,96.603979
-83.322795,559,96.847639
153.319191,803,97.646807
-114.725415,668,98.387633
-111.07627,572,98.637986
146.398112,810,99.435931
93.449544,754,100.215736
-119.026667,633,100.493714
-137.401918,751,101.293471
-96.74572,555,101.539269
107.491568,779,102.322
153.949137,839,103.135113
-93.498476,644,103.857251
159.419851,881,104.688561
106.852425,771,105.038904
92.205901,745,105.827407
145.003329,829,106.635481
124.389561,784,107.415748
-81.510806,440,107.605626
124.714888,787,108.393412
-93.385007,656,108.675579
150.287967,879,109.503908
-125.950987,548,110.194766
-155.61999,707,110.956942
120.953066,846,111.33889
-81.569847,827,112.156082
-180.551639,867,112.980901
119.406067,905,113.83856
118.410727,982,114.748667
-17.554796,1000,115.689196
64.485458,1000,116.709119
82.454821,931,117.729708
130.411084,932,118.73452
-134.548972,471,118.942512
62.520215,927,119.813434
-7.039211,1000,120.742896
-179.680632,748,121.539923
59.677733,944,122.402748
76.76516,786,122.744719
-155.371289,582,123.490812
-31.093359,1000,124.427703
185.802076,847,125.248931
-113.938827,843,126.073783
174.860538,633,126.35282
-161.182433,679,127.101237
-103.370402,204,127.194781
32.747059,920,128.087453
175.077955,865,128.905598
-121.852448,768,129.685986
60.714486,936,130.101037
-18.019518,1000,130.982515
-126.081002,388,131.622703
-28.20056,1000,132.52033
-95.024715,562,132.768317
-55.411439,298,133.342912
-14.005919,1000,134.24035
-116.653035,167,134.312942
51.42749,934,135.177776
122.927576,874,136.017098
-76.573258,1000,136.891626
-62.732996,1000,137.767775
63.334575,770,138.108375
-58.919537,243,138.212853
-6.364789,1000,139.096572
-74.673227,261,139.655031
-6.72518,1000,140.541468
116.667371,941,141.400226
49.550656,836,141.778392
-113.660568,616,142.501283
-190.114986,722,143.287281
97.132275,869,144.134588
4.18531,1000,145.017317
-173.884997,950,145.434342
-87.030031,1000,146.322431
-57.340371,311,146.9022
-78.262501,294,147.032597
134.500414,787,147.812116
146.195519,665,148.104188
138.704647,731,148.860112
-73.3909,442,149.527527
-6.739808,1000,150.400831
147.76077,704,150.713688
121.221469,776,151.50124
-77.554799,447,151.696467
21.353768,1000,152.592836
143.726353,785,153.403026
166.215262,754,154.17831
155.518371,810,154.968453
76.762226,928,155.85131
56.446539,1000,156.734631
145.38125,791,157.080405
5.380526,1000,157.981796
-27.294248,1000,158.860097
-135.485968,775,159.641816
5.447407,1000,160.529732
-6.776236,1000,161.418221
159.282026,790,162.218702
146.386795,894,163.048249
-121.573263,277,163.172443
123.88999,825,163.973868
82.091989,920,164.83176
2.637034,1000,165.721859
120.099935,987,166.593077
-257.023602,899,167.422837
21.638136,1000,167.865363
117.195149,752,168.641879
149.372459,718,169.40041
162.50745,804,170.206047
-150.225007,661,170.495716
-101.017663,483,171.166211
-94.58952,413,171.345152
-138.630735,507,172.026625
90.799783,810,172.839311
-97.759018,654,173.134785
-101.28741,634,173.855191
113.965469,735,174.179058
168.149521,697,174.92811
35.411197,1000,175.817455
-127.050337,666,176.550195
43.410674,1000,177.433982
-76.18498,1000,178.319516
127.723669,711,178.628693
202.376786,571,179.324907
175.928895,639,180.043562
154.380653,699,180.348996
-139.028014,610,181.072388
-247.14676,841,181.891431
-98.80133,459,182.092494
64.206736,1000,182.986285
129.473353,748,183.827889
-115.564534,502,184.045435
-142.515634,597,184.754771
-41.34343,1000,185.635734
-134.012206,796,186.42155
162.018295,913,187.27001
131.603398,864,187.652138
138.659771,668,188.402514
43.149457,1000,189.290237
-5.253383,1000,190.158771
158.208828,724,190.90776
188.60942,637,191.189948
145.77951,781,191.968192
-4.069541,1000,192.858454
156.094068,740,193.622386
194.413206,713,194.364348
145.551276,523,194.600302
-140.363649,697,195.343147
12.388172,1000,196.226503
154.318367,728,196.541739
200.626861,654,197.258071
163.182758,736,198.013902
-138.193669,982,198.873283
27.410325,1000,199.751073
175.379609,770,200.087469
-14.140405,1000,201.014776
174.671031,986,201.889046
113.720245,730,202.648492
139.046407,738,203.430608
42.079013,1000,204.325115
127.470247,687,204.623301
153.541542,808,205.410869
194.396925,665,206.14653
-89.630576,181,206.228751
117.20482,643,206.957016
172.745571,651,207.241785
115.965802,959,208.098574
-33.263334,1000,208.960919
-44.471372,1000,209.841561
-50.481724,466,210.485162
-80.071902,593,210.742293
122.093982,744,211.521662
-19.241386,1000,212.392654
-78.634449,235,212.495797
142.825611,801,213.32548
135.539387,919,214.168458
-97.704479,1000,215.033647
173.33985,600,215.290731
96.86867,854,216.174476
-52.922513,1000,217.07944
6.185733,1000,217.99384
190.498254,774,218.764068
189.017137,627,219.471379
-88.395736,362,219.627937
-168.468167,752,220.55531
-88.157772,566,220.810027
-141.713797,693,221.604056
-89.825352,437,221.801196
-146.440825,645,222.648283
-59.895397,545,223.328596
-56.954247,400,223.506917
-165.857804,699,224.253704
-154.73433,502,224.469001
-113.143941,447,225.110974
-114.080385,637,225.384573
-89.094211,298,225.515073
-96.274961,232,226.080508
126.458785,544,226.314876
-122.186126,496,226.967918
-174.517319,661,227.255388
-44.880957,1000,228.125105
-152.247608,576,228.807446
-88.238788,309,228.941371
-80.018362,590,229.639854
-179.530127,751,229.969687
-155.389546,741,230.747034
-71.385458,406,231.365947
183.919009,529,231.602822
-112.950879,492,232.264106
41.941444,926,232.670075
-55.218449,1000,233.595624
-138.412176,641,234.317168
-97.906052,199,234.404019
160.806408,750,235.164061
-96.754742,356,235.314471
-82.720247,229,235.84732
155.289662,717,236.161494
-96.127826,296,236.719608
-188.064978,892,237.104205
102.636792,969,237.957578
-164.573671,555,238.81761
-22.26868,1000,239.84705
-97.921508,222,239.94939
113.921365,898,241.086684
-110.641745,886,242.010964
-121.18487,501,242.228587
-177.004773,868,243.104042
-173.411779,635,244.053207
-38.150981,1000,245.012814
-100.470976,708,245.75469
-58.31614,1000,246.191297
160.154463,809,246.974838
-98.569045,495,247.624289
-54.653675,1000,248.514693
155.15581,685,248.80927
-87.141539,403,249.430875
-103.406436,372,249.594407
5.857384,1000,250.464858
129.66979,842,251.266417
-98.330758,560,251.506608
175.861108,616,252.210033
21.716464,1000,253.076546
-49.443624,1000,253.964574
-108.581264,473,254.614873
-59.828198,1000,255.044999
-25.603587,1000,255.915027
12.019829,1000,256.788932
-99.238666,563,257.475004
-132.777696,739,258.2292
-39.839578,1000,259.09518
-0.842104,1000,259.975893
114.925652,841,260.343732
17.344217,917,261.19386
-0.31392,1000,262.072884
118.959562,645,262.788976
-61.596533,173,262.863576
-10.036864,1000,263.771669
26.674334,1000,264.819981
98.194297,816,265.613454
-14.267401,1000,266.485107
37.059399,1000,267.35997
136.170596,830,268.167131
6.473792,1000,269.035642
-114.470273,597,269.299715
112.590994,836,270.114042
55.760296,1000,270.99745
-77.121013,471,271.203918
-53.807097,1000,272.068302
-78.111861,440,272.684044
-91.311085,559,272.930593
-81.066249,357,273.560679
153.262324,770,274.340793
-101.181818,788,274.675145
44.134448,1000,275.545326
132.037728,638,276.297153
-124.126533,943,277.151601
-117.185542,608,277.41638
-62.307422,273,277.986237
172.458488,815,278.343818
101.210182,893,279.19333
194.335431,605,279.891282
193.027635,898,280.716659
-96.787721,148,280.784346
209.007346,738,281.540235
-106.210841,243,281.642919
-85.167862,567,281.889585
-11.646133,1000,282.764102
171.091435,763,283.530928
-212.517315,712,284.293983
-186.112362,566,284.536003
161.688266,636,285.261099
170.351779,465,285.91978
143.936919,671,286.207519
149.233509,692,286.942194
162.626716,647,287.223873
-121.135581,127,287.706899
100.027202,720,288.024485
-50.397636,544,288.686173
140.771734,746,289.44168
147.391149,682,289.739429
160.247467,667,290.469748
130.115983,637,291.196415
-155.357345,677,291.490497
177.253654,570,292.185325
127.333875,684,292.48421
151.435031,669,293.212644
194.366277,751,293.975273
-90.388447,241,294.085989
107.793677,822,294.893385
158.723172,554,295.134046
-100.158595,231,295.662282
186.853925,617,295.927468
171.798406,683,296.657782
178.117542,580,296.910452
31.929236,1000,297.785595
-96.089741,647,298.505654
36.309778,1000,299.389908
192.666134,607,300.088876
-95.685336,206,300.180517
116.638405,786,300.958016
78.182744,751,301.287895
167.326445,657,302.01379
48.318707,1000,302.883739
190.770317,813,303.705787
-242.709757,783,304.097522
188.170773,680,304.843572
194.989072,703,305.585987
171.107311,742,306.354467
148.538173,658,306.636858
163.300245,558,307.334091
183.664017,631,307.617885
139.626473,700,308.398915
-201.92254,628,309.116895
218.793785,606,309.377636
-62.795688,256,309.92625
152.13103,604,310.205541
-92.071884,491,311.349531
132.415033,757,311.938801
-89.720261,378,313.050615
106.061202,912,314.414434
118.864803,918,315.084131
178.951208,696,316.338612
-41.507502,556,317.40326
-117.102737,535,317.760592
175.577356,647,318.947352
200.999556,717,320.039985
235.574266,760,320.502676
100.42821,1000,321.625391
-271.415009,768,322.591475
207.140451,598,323.362828
160.941538,650,323.66112
168.976872,633,324.475998
148.265085,657,324.791978
165.426285,687,325.610962
137.806502,574,326.366955
-47.850118,448,326.567739
125.598306,980,327.503386
126.546466,777,328.373948
216.806704,642,329.292946
183.754123,575,329.604731
195.352593,660,330.709113
193.36089,656,331.007112
-127.534642,121,331.061875
179.221285,670,331.899936
-134.250637,656,332.874239
189.996948,670,333.20927
-52.452482,296,333.867469
112.553703,715,334.205557
-131.083868,590,334.993439
176.799007,702,335.81494
109.759631,877,336.715841
-69.583931,584,336.973222
113.737328,709,337.750621
141.33266,538,337.990383
184.70859,677,338.730349
171.761938,543,339.445648
67.478346,872,339.829567
-135.796939,538,340.51336
172.881828,718,341.287888
135.437143,734,341.606632
179.284005,775,342.390426
19.94453,1000,343.303488
-44.914903,617,344.14145
147.865242,766,344.600179
-39.807995,388,345.355253
200.344047,663,345.655036
-116.697599,653,346.413795
152.079582,792,347.23906
214.42858,981,348.164077
-107.625427,144,348.226563
-76.239592,618,348.975764
117.546424,673,349.286733
-72.799942,262,349.404573
166.58545,663,350.290992
148.241899,686,351.128941
-159.89834,652,351.427913
-91.603468,565,352.345935
122.020639,733,353.221044
-113.18815,165,353.295192
146.421908,680,353.591757
-104.231405,586,354.295108
-69.312176,233,354.400774
87.690573,639,355.141846
-98.934096,452,355.350993
147.817056,675,356.109569
154.653449,473,356.322858
-109.815021,505,356.997499
-84.186707,288,357.12865
-26.956431,497,357.803743
-90.163675,311,357.942569
-78.428571,221,358.044754
173.198292,526,358.730648
-58.753302,285,358.853286
-80.542548,608,359.606139
132.322244,664,359.910407
111.394166,735,360.765254
23.735113,1000,361.731771
182.270328,735,362.584513
-49.037891,209,362.684169
85.538407,1000,363.660221
-48.000894,195,363.743616
149.928854,757,364.641306
73.023667,886,365.508078
-49.932834,202,365.59731
188.182815,890,366.457143
-84.884968,737,366.77465
175.249116,751,367.543879
-68.428151,320,368.152952
-119.847173,137,368.214752
142.341084,794,368.558194
52.698773,1000,369.44753
-106.606472,440,370.081823
46.455576,1000,370.969714
135.946297,889,371.819455
78.254553,959,372.691012
14.87286,1000,373.587278
10.719511,1000,374.488392
-34.595018,1000,375.41306
7.457893,1000,376.459843
-64.659513,1000,376.901963
-235.132744,892,377.735119
79.939562,873,378.584373
58.276059,1000,379.564658
-67.722792,289,379.703563
12.015745,1000,380.694126
-28.466889,1000,381.710678
76.771605,870,382.556533
-99.971661,1000,383.460324
67.146413,867,384.318182
-124.114687,1000,385.233536
116.130145,786,386.047715
27.912335,1000,386.988237
124.850136,811,387.801465
93.822076,753,388.134643
-148.820411,744,388.908783
31.791931,1000,389.840324
-123.466909,613,390.558858
-24.176011,1000,391.459764
5.242812,1000,392.346851
-125.491719,1000,393.248266
-68.835217,187,393.33362
-94.361691,295,393.467985
-103.634913,497,394.147605
41.397307,1000,395.046141
41.006228,1000,395.497811
6.376798,1000,396.42162
28.141367,948,397.413785
-253.646977,980,398.378619
117.543495,992,399.343517
26.335657,1000,400.394709
154.252834,954,401.286091
-77.190738,368,401.911264
202.831967,706,402.230389
159.785686,981,403.125816
-29.148698,1000,404.019763
209.143495,671,404.782256
182.464475,698,405.549819
180.341985,652,405.83641
-138.287532,564,406.570943
-104.732592,425,406.756917
-86.727618,179,406.842016
190.689833,650,407.587563
153.1137,683,408.340795
173.491591,658,408.631911
102.639282,815,409.451199
122.149681,641,410.190539
148.871441,717,410.514653
88.891353,731,411.305512
-4.199417,1000,412.231921
-71.249738,221,412.328765
-70.53968,240,412.882601
35.588863,1000,413.335302
161.988109,669,414.108705
196.402902,620,414.902385
65.5567,1000,415.858864
-78.532654,257,415.983144
125.80967,704,416.809354
23.211858,670,417.117371
15.082107,1000,418.029767
55.054944,1000,418.919132
9.782156,1000,419.829545
-99.31067,320,420.415879
-170.145024,641,420.691644
191.531195,626,421.42186
71.752359,1000,422.321194
-68.094982,248,422.427524
-119.042661,603,423.162869
188.942825,639,423.44952
180.059446,640,424.205955
54.043129,920,425.084436
84.945568,704,425.393894
-93.18215,448,426.037215
174.70731,665,426.817868
138.56517,631,427.114476
19.018919,1000,428.08293
63.672273,1000,429.107274
128.954836,694,429.920942
-65.130352,143,429.989549
-84.297551,341,430.141822
87.88444,830,431.123503
128.214092,893,432.09899
185.64809,677,433.071789
165.434636,711,433.398057
164.563061,731,434.289685
-61.915548,569,435.068116
58.026049,757,435.403579
174.88049,908,436.282379
134.681625,855,437.12103
183.81554,661,437.846582
-123.536212,764,438.181817
107.278041,978,439.052367
122.091603,716,439.816221
186.53274,687,440.61435
172.136313,693,440.936257
189.911585,656,441.685805
152.997549,684,442.43026
162.811709,682,442.727428
12.94611,1000,443.648481
22.376983,1000,444.549576
2.116319,1000,445.46421
133.888044,741,446.265419
152.343876,834,447.276895
173.0758,766,448.142377
70.90873,1000,449.223884
165.97198,672,449.53813
86.64013,778,450.380403
196.879449,623,451.107187
172.287292,642,451.389302
202.997515,780,452.207426
152.680156,674,452.966938
153.792013,669,453.273311
36.900839,1000,454.174416
84.544022,941,455.028752
128.45722,910,455.885742
-93.499674,604,456.590808
187.579799,623,456.863119
231.338154,549,457.593272
210.349113,638,457.884941
108.182809,669,458.622735
202.105507,601,459.324922
210.322731,645,459.603702
106.010296,735,460.377944
104.099055,780,461.163189
235.248584,578,461.419244
-10.136932,612,462.161541
7.466856,1000,463.056303
-11.606084,1000,463.933266
92.488579,710,464.691251
140.609584,733,465.021608
55.830747,1000,465.966583
185.75537,655,466.709093
134.159938,772,467.521399
109.703146,804,467.87969
122.35618,812,468.686256
216.412625,614,469.409185
210.84024,693,470.164143
144.422873,681,470.490555
28.47701,1000,471.39706
193.349116,653,472.239196
15.429918,1000,473.167816
177.407085,712,473.494872
110.881686,790,474.35847
187.307209,676,475.153728
175.29326,679,476.012605
47.160871,1000,476.903415
139.598844,758,477.257871
193.634259,751,478.054966
-37.968242,554,478.736583
32.976879,1000,479.807139
139.703969,744,480.13556
161.48559,692,480.922091
156.568678,685,481.658509
1.85545,1000,482.597678
126.319112,765,482.941705
-89.201724,181,483.50801
-78.94948,151,483.575492
-78.500279,241,483.687718
140.915353,831,484.565429
108.7293,769,484.905667
163.62371,721,485.686531
14.149506,1000,486.591847
62.70464,1000,487.508595
168.921411,669,488.286733
-3.044938,1000,489.19245
68.653264,1000,490.122186
-1.161712,1000,491.021642
20.367593,1000,491.94502
7.942567,1000,492.854524
3.476971,1000,493.762123
12.917388,1000,494.664599
13.343519,1000,495.584158
-42.43118,1000,496.477737
189.312777,805,496.854643
86.554554,893,497.732714
169.056271,939,498.614259
155.227374,951,499.477764
102.632932,855,500.308554
70.249812,1000,501.211055
-3.195437,1000,502.120924
44.285015,1000,503.072016
45.639933,1000,504.137194
-5.636909,1000,505.046067
88.507802,783,505.859393
-12.604578,1000,506.766906
69.780768,930,507.18608
-23.400299,1000,508.095073
-7.189653,1000,508.988689
39.786916,1000,509.906145
130.095234,851,510.76406
56.354196,1000,511.661921
46.192751,1000,512.555062
166.59345,738,513.358311
105.748504,887,514.208258
186.748401,728,514.526805
154.435337,862,515.366425
205.758024,897,516.215197
136.315756,875,517.064872
-246.233387,907,518.001104
40.95058,1000,518.899058
138.392055,744,519.687383
14.919438,1000,520.604023
25.230163,1000,521.508613
32.838564,1000,522.419337
183.110971,671,522.717392
162.7465,674,523.494589
134.005329,739,524.263907
179.268086,594,524.52689
126.013516,566,525.236798
109.958353,633,525.525508
223.638914,685,526.294612
121.218039,603,527.02059
170.865084,669,527.32269
185.920857,712,528.106155
184.767705,657,528.853096
65.622543,1000,529.772902
156.867148,892,530.175898
-76.306493,152,530.715385
165.863212,765,531.062155
150.589623,632,531.823234
71.125218,1000,532.737378
69.856953,1000,533.658197
207.844892,594,533.926551
163.656699,637,534.674634
177.329251,706,535.45757
153.083459,546,535.697534
153.424203,738,536.488724
51.149107,1000,537.398733
111.702768,904,538.254699
185.825451,701,539.008764
160.168035,643,539.307599
46.182347,1000,540.206803
79.537586,1000,541.140381
-21.981059,1000,542.069164
127.496101,664,542.829812
187.667641,792,543.683438
202.202987,605,543.955094
78.170158,678,544.768151
190.565862,699,545.538195
95.350245,917,545.949489
167.663856,753,546.746271
214.38664,585,547.451098
171.995184,722,547.784957
139.497567,704,548.55613
192.662088,704,549.321789
181.872678,719,549.63868
31.734061,1000,550.547973
193.087072,681,551.327512
64.630848,1000,552.249506
143.726469,820,553.074797
172.549497,727,553.845563
184.72777,614,554.120341
37.786848,1000,555.045662
167.856487,704,555.810373
16.338787,1000,556.714135
181.494566,708,557.486287
-27.411779,559,557.729372
132.357899,617,558.458309
195.117385,774,558.799223
56.780358,1000,559.711659
206.081659,604,560.459533
28.648815,1000,561.439085
53.179436,1000,562.360249
169.667582,715,563.150576
147.072627,668,563.444806
-0.032228,1000,564.355854
55.941435,1000,565.26708
154.432794,814,566.093773
228.696652,551,566.789822
176.480258,674,567.102145
188.925721,681,567.862824
170.559266,611,568.592361
85.476618,1000,569.505173
23.979669,1000,569.959005
195.753805,644,570.7202
187.635831,663,571.497556
51.384609,1000,572.424455
170.4461,604,572.692276
185.847525,550,573.42702
47.504009,1000,574.353592
69.902796,746,575.128972
197.423026,507,575.350258
159.738986,635,576.084706
63.061344,1000,576.971442
146.409936,853,577.355881
183.521023,689,578.17714
134.641677,649,578.926919
141.185533,833,579.772111
170.152705,609,580.048017
182.367693,548,580.753527
194.687833,687,581.060145
206.308257,625,581.808541
181.506792,639,582.717689
220.027584,425,582.902747
136.747138,857,583.760945
52.744505,1000,584.664863
193.608248,614,584.948597
168.754444,787,585.748654
20.10236,1000,586.674511
185.444209,643,587.441262
-31.923562,474,587.647276
186.244038,680,588.421896
75.053052,1000,589.330345
163.093044,602,590.060158
230.692072,627,590.341011
184.773805,593,591.071373
202.911121,593,591.340484
-128.254062,523,592.06382
76.725784,1000,592.973686
201.557337,583,593.247523
-20.680504,445,593.905929
-127.788223,488,594.126749
215.141794,559,594.837591
180.322257,549,595.089736
211.635598,609,595.801591
216.830766,544,596.04926
-11.484228,416,596.698053
186.25892,624,597.404792
193.568647,789,597.748215
219.366466,825,598.560615
193.793958,658,599.316658
141.822348,620,599.588821
190.107935,539,600.261404
204.638651,652,600.550176
41.198806,1000,601.434688
20.262912,1000,602.350418
-35.020294,1000,603.25711
-61.862726,1000,604.172342
-2.205143,1000,605.120292
18.781977,1000,606.027271
-41.728853,1000,606.95383
-6.453037,1000,607.878942
150.114156,655,609.240484
125.922012,747,610.367525
-66.439612,1000,611.762936
-97.495816,136,611.849843
69.67179,1000,613.481265
-3.997919,1000,615.25009
89.231727,1000,616.942807
-145.563711,485,617.307882
83.650541,1000,619.150945
33.694933,1000,620.65513
-3.4024,1000,622.063761
-12.603979,1000,623.611368
143.887189,447,624.816573
3.41639,1000,626.184027
-71.035553,404,626.44194
110.865786,573,626.820097
45.930527,1000,628.478613
93.523993,1000,630.353184
-7.262634,331,631.305571
64.723103,1000,632.675053
-14.406536,1000,634.118333
106.923918,729,634.576473
85.374559,1000,635.884938
-119.610882,383,636.765905
35.534665,1000,638.324155
67.835773,1000,639.695274
149.93563,485,640.00956
-270.293615,470,641.531078
42.294394,1000,642.898934
140.440102,460,643.201026
125.673027,546,644.3173
29.072747,1000,645.902136
154.69104,573,646.327259
223.244938,732,647.594341
173.753847,530,647.911488
98.13166,1000,649.228412
47.949353,1000,650.635867
92.808914,1000,651.95403
57.901542,1000,653.497832
130.399063,1000,655.036094
191.682773,366,656.207505
216.344632,743,656.669082
181.099211,452,657.892076
148.516977,452,658.167982
130.879504,1000,659.820611
183.23853,430,661.07757
156.413118,414,661.329799
88.766229,1000,662.88139
136.270055,743,664.416164
-29.34031,237,664.576061
148.344064,504,664.981025
50.878147,1000,666.506194
-287.476806,625,667.864323
164.41295,433,668.133
163.782785,717,669.516029
150.264557,795,670.964043
48.297255,1000,672.492312
48.908384,1000,674.071194
118.569397,1000,675.621342
83.400959,1000,677.224774
72.517662,1000,678.762093
174.62164,605,679.136164
-63.517103,420,680.109778
100.220874,1000,681.809868
-63.084472,291,682.007214
99.009053,1000,683.624089
167.454494,815,685.022852
54.464572,1000,686.631879
113.407404,1000,688.172797
99.569588,1000,689.815068
129.773749,1000,691.434598
176.449473,788,692.911487
119.524267,511,693.242801
-108.833751,116,693.321007
168.952276,454,694.566353
70.432571,1000,695.984383
154.100569,415,696.237639
125.549952,1000,697.497703
106.532937,1000,698.78345
184.17322,377,699.003426
148.620938,483,699.904876
53.606349,1000,701.184165
98.371117,1000,702.404611
198.293063,614,702.771994
-35.55766,320,703.605825
100.035031,1000,704.94039
99.616228,1000,706.430633
212.543231,393,706.656013
91.906946,1000,708.087782
156.72143,515,708.390517
232.056067,506,709.303138
168.639752,439,709.562158
195.488443,399,710.438926
231.883516,492,710.736253
205.763367,420,711.628766
188.002275,494,711.92442
77.24241,1000,713.158541
249.405208,481,714.101506
89.78457,1000,715.355753
178.834244,301,715.537026
73.522058,674,715.938094
205.77589,531,716.986704
221.007651,473,717.264573
191.303143,415,718.218204
217.902765,365,718.432866
168.261295,433,719.348338
90.172174,1000,720.903246
134.668452,617,721.268639
252.766629,475,722.423721
160.585449,519,722.730382
253.688496,486,724.021308
145.517979,504,724.450829
233.039805,475,725.451398
197.241011,490,725.746
69.412607,1000,726.982748
187.670081,492,727.937189
163.449627,403,728.182846
249.991319,493,728.478109
164.863958,380,729.352987
194.82353,411,729.599595
187.739036,407,730.579984
111.927644,1000,731.873298
209.258242,466,732.140839
198.861098,819,733.411269
238.094267,459,733.705604
202.754731,529,734.845048
243.84016,493,735.133138
230.869044,462,736.091914
214.520861,632,736.469956
-63.324916,374,737.654661
213.624893,478,737.953726
236.426369,491,739.123203
210.412568,858,740.606321
247.009202,486,741.018879
185.426151,492,741.365624
-184.688201,446,742.301022
224.708148,484,742.580744
174.223444,490,743.522632
168.834598,408,743.764841
154.823726,565,744.740719
173.45433,450,745.004555
179.569398,509,745.97495
81.16272,1000,747.225657
199.000108,440,747.48483
184.943242,491,748.415252
5.680596,1000,749.706588
200.866321,425,749.96784
236.968122,985,751.216332
142.104074,618,752.223605
211.921781,522,752.540626
-263.115094,595,753.573768
-1.342672,219,753.70535
174.989335,538,754.026981
190.509605,425,754.932248
193.538122,589,755.292808
166.29111,493,756.225245
192.169258,605,756.578636
237.671562,464,757.48395
172.119535,639,758.507875
233.052886,479,758.794955
245.219141,480,759.084201
170.570801,435,759.990101
249.37962,523,760.298633
-17.054609,395,761.163001
227.74283,504,761.471431
256.071224,519,762.426266
192.875577,435,762.677288
234.603616,454,763.591233
191.589584,338,763.783923
163.709204,496,764.069719
195.083525,474,765.041662
85.033891,1000,766.419318
172.713989,461,766.706168
177.730796,476,767.794606
97.740442,1000,769.085233
236.261298,503,769.380426
229.705999,454,770.486683
93.405196,1000,771.753483
164.955676,565,772.108077
202.325884,388,772.970535
192.131566,469,773.247177
69.259008,1000,774.482895
73.918962,1000,775.731928
106.102288,1000,776.983277
216.158869,465,777.937334
182.638606,550,778.281934
216.573092,459,778.553913
214.630502,512,779.501776
115.092834,814,780.692949
210.128458,448,780.963042
186.406685,526,782.004079
102.371033,672,782.407981
258.571652,495,783.633418
206.941703,424,783.89653
203.021797,419,784.796474
27.378806,1000,786.106781
164.368823,681,786.518327
129.784391,556,787.495014
226.163362,442,787.784016
109.017863,1000,789.041574
71.766615,1000,790.282216
199.507279,434,791.191834
258.344585,502,791.493254
235.198295,461,792.407103
211.687473,521,792.72499
120.580301,1000,794.05244
178.748163,436,795.05431
244.572152,476,795.34106
-14.491588,347,795.548919
64.401859,1000,796.791059
168.399461,395,797.897832
149.421761,686,798.310696
175.053544,464,799.430324
208.162458,384,799.655813
207.335085,525,800.678735
240.886663,451,800.968587
185.522587,481,801.909199
161.134914,560,802.238767
164.892341,440,803.141917
264.676397,467,803.419676
39.952158,1000,804.685309
202.223191,442,804.937779
106.082122,721,806.005166
199.255078,437,806.946288
186.088134,401,807.177174
68.001096,1000,808.451829
186.585193,424,808.707273
258.047685,484,809.648451
228.20912,474,809.924888
74.949858,1000,811.27515
-1.485077,380,812.400988
186.000394,688,812.84577
122.934642,505,813.89386
-8.293009,429,814.165832
226.380231,464,815.252014
197.348765,791,815.728119
93.474811,933,816.930504
232.907146,478,817.871449
120.666089,1000,819.103615
35.789866,1000,820.521921
233.320168,452,820.806177
198.163485,472,821.897161
241.63606,456,822.168162
-11.774475,355,823.109151
161.872517,492,823.401766
198.17874,531,824.542011
227.871232,458,824.813333
249.971631,468,825.087773
226.301968,474,826.090955
-36.831806,311,826.277546
171.639165,424,827.17222
170.629016,615,827.534706
188.201129,392,828.598936
161.398234,726,829.25421
-13.999313,305,830.142954
220.993299,367,830.357534
176.913093,387,830.587193
1.475966,1000,831.854054
190.284061,419,832.763238
231.876675,465,833.049773
213.466494,387,833.961652
240.320567,479,834.236236
186.137383,437,834.519217
245.415828,457,835.433407
56.927972,1000,836.673728
220.720128,439,836.922418
236.351594,498,837.886479
210.524359,329,838.074109
26.100052,1000,839.362048
169.204885,594,840.365027
254.076697,496,840.658987
219.741204,454,841.585455
161.349019,407,841.818532
188.347498,396,842.063874
244.86165,469,843.068648
197.772758,428,843.343565
178.669522,420,844.24882
102.992125,1000,845.564883
81.974636,1000,846.825747
70.910852,1000,848.099273
-135.934532,586,848.44771
167.369111,904,849.706705
119.422167,1000,850.973386
179.393986,723,852.052209
66.227027,1000,853.298812
69.050766,1000,854.564297
241.060763,447,854.845258
42.706965,1000,856.150536
123.335936,992,857.502594
194.96333,791,858.835667
219.332273,562,859.371472
101.625766,1000,861.18171
102.366121,894,862.517489
94.666305,1000,863.900793
69.989265,1000,865.259685
59.570199,1000,866.613463
191.135625,515,867.636661
215.674617,561,867.993113
104.700895,1000,869.330997
107.58674,1000,870.636479
49.069016,1000,871.929157
76.425683,1000,873.214469
234.478602,605,874.24608
205.60697,492,874.530302
-4.743808,1000,875.810983
-10.401652,1000,877.056882
198.595118,453,877.981219
224.980965,459,878.254845
68.727439,1000,879.508989
209.217893,442,879.763278
200.967526,435,880.703975
238.087853,455,880.982184
217.07363,403,882.05927
213.823862,474,882.285531
236.02819,472,883.083759
48.957697,1000,884.230978
86.014058,1000,885.211491
228.837946,464,885.44378
185.012432,594,886.215572
216.135277,461,886.432962
244.069256,452,886.650441
194.015849,442,887.374709
245.523009,487,887.612557
232.012339,489,888.447161
199.741872,485,888.687726
200.703639,415,889.723826
196.575067,432,889.995679
248.867569,469,890.955506
222.680901,439,891.202211
212.707032,442,891.807336
222.135734,429,892.907525
197.995902,442,893.615257
230.686728,458,895.499282
234.326539,443,895.829681
175.589399,896,896.911711
227.671968,416,897.869238
94.946154,1000,898.431984
-32.059832,316,899.301717
211.037311,374,899.492318
64.222196,1000,900.658885
233.679112,482,901.432128
181.808753,391,901.63459
231.250384,479,901.876585
198.234239,368,902.650236
172.050825,618,903.07721
203.554181,400,903.954703
227.895525,481,904.202495
172.527258,514,905.103887
209.985784,329,905.29668
244.067932,427,906.231059
183.596338,394,906.426938
175.34072,426,906.636061
181.420414,522,907.45566
212.015726,441,907.764154
226.481837,431,908.691557
231.568951,437,908.909265
213.25899,452,909.682582
216.720378,466,909.913848
215.428821,487,910.160268
216.263518,433,910.973407
-158.056334,610,911.389559
208.761122,437,912.237498
226.023482,393,912.433345
223.430272,447,913.254977
128.881749,604,913.572951
221.875118,447,914.363805
201.791413,404,914.647655
249.593639,459,915.577689
100.352232,1000,916.627844
231.853262,449,916.849739
215.684513,458,917.152241
209.90795,368,918.020371
91.386291,1000,919.0632
252.425673,454,919.286221
242.056859,816,920.273781
-50.212181,183,920.362758
111.21289,1000,921.673718
216.098542,577,922.678248
66.024981,1000,923.909929
244.842428,441,924.139412
118.724207,811,925.209576
202.054481,290,925.350689
221.041342,536,926.132951
242.865501,471,926.354719
188.318439,388,927.037156
178.600522,411,927.236987
184.674903,459,927.457721
77.987475,1000,928.769191
45.984132,1000,929.930697
183.986911,460,930.699459
176.982073,839,931.718699
201.838921,890,932.927002
222.479459,423,933.147964
126.303539,615,934.168396
211.990708,550,934.445958
197.915191,479,935.222849
-158.057414,852,935.757663
142.384831,494,936.575014
178.360275,334,936.736169
198.009503,645,937.702574
233.691362,426,937.911082
216.679665,450,938.715937
240.048702,446,938.930977
173.150225,793,939.952167
-178.114293,822,940.979026
204.145572,431,941.190198
238.307151,583,942.025322
153.357748,513,942.288673
195.580823,375,943.165264
246.551684,457,943.389865
213.204141,382,943.580593
231.057383,383,944.30433
158.87871,990,945.398041
200.558039,859,946.533286
-7.221158,1000,947.613364
228.109054,434,947.828292
95.5177,646,948.848821
190.231884,503,949.101244
70.66355,797,950.135265
-109.796567,494,950.376344
242.854583,475,951.189375
258.320018,428,951.40382
246.186676,499,952.256012
198.202234,459,952.482878
0.572225,1000,953.777505
221.046989,378,954.582104
235.646472,488,954.823618
-198.276335,403,955.031155
171.948881,368,955.797977
208.197628,461,956.102693
121.299951,805,957.130911
205.959196,392,957.328491
160.90304,421,958.194617
170.547733,691,958.539655
106.231575,1000,959.611999
240.521516,446,960.433937
197.973416,437,960.739689
168.718307,473,961.59275
240.296736,430,961.80285
218.928718,814,962.80334
209.657595,409,963.030606
6.535429,420,963.828934
186.346396,383,964.09724
-12.954632,1000,965.298899
232.456945,456,966.250943
222.436606,476,966.484534
208.710235,423,966.698298
252.564559,450,967.505362
237.787568,489,967.771718
226.442202,507,968.61735
194.524318,451,968.834337
82.180792,1000,969.963842
234.016605,512,970.78977
198.184197,434,971.08167
216.876443,357,971.867539
195.813088,412,972.0678
150.017839,758,973.022265
211.052334,430,973.243849
-4.550946,353,973.413719
114.425953,1000,974.582296
239.43206,469,975.407343
194.180629,427,975.613249
235.919137,475,976.366801
231.07401,425,976.5667
200.865401,420,977.35844
206.137634,750,977.731406
218.372136,429,978.578117
215.848138,423,978.78738
66.391264,1000,979.967071
236.052985,438,980.722055
250.604343,454,980.941305
195.354278,436,981.162558
211.340368,302,981.907737
88.415691,1000,983.148847
243.444363,471,983.387115
163.277359,505,984.228369
238.322574,469,984.46083
233.314776,467,985.402401
111.253403,1000,986.577431
89.733267,706,986.923605
227.332794,429,987.738336
231.204371,430,987.955287
220.146407,429,988.265554
-11.205848,384,989.060116
206.825684,435,989.285647
65.616767,1000,990.418548
205.183115,437,991.183632
46.247695,1000,992.42037
258.602538,412,992.618499
224.040787,435,993.408354
131.982347,885,993.860839
189.682296,473,994.828331
-7.283421,282,994.961811
59.774512,1000,995.975939
219.130925,412,996.171154
243.19979,436,997.028413
137.908363,565,997.318861
56.991131,1000,998.354479
244.481074,446,999.213988
244.509076,415,999.41008
210.124446,418,1000.202518
223.522335,435,1000.40691
239.078241,427,1001.177281
221.979905,428,1001.389269
210.456538,413,1001.590685
239.217568,469,1002.489199
240.779929,444,1002.703027
179.411053,389,1003.437421
248.346913,441,1003.75671
190.514219,540,1004.755386
207.042808,380,1004.942892
232.335835,420,1005.14875
224.482115,413,1005.967813
196.801203,634,1006.282693
77.405326,1000,1007.377167
247.427513,418,1008.206635
202.997084,405,1008.401835
124.304165,561,1009.2825
241.099495,453,1009.506835
111.93693,1000,1010.665278
222.996275,492,1011.467592
108.983396,1000,1012.721182
218.809577,429,1012.934428
93.103541,1000,1014.067094
207.097916,413,1014.295537
264.505676,458,1015.082113
209.632528,436,1015.296336
175.2848,457,1016.064075
207.312204,439,1016.279169
235.217263,418,1017.167088
257.580477,472,1017.395448
220.12626,426,1017.611876
240.411941,529,1018.444345
214.153948,664,1019.401592
240.962443,478,1019.636533
252.086354,474,1020.447885
219.628553,469,1020.679992
248.698751,469,1020.910372
213.553324,424,1021.74115
156.329482,534,1022.013156
81.392301,1000,1023.164236
246.185335,596,1024.106117
27.442196,1000,1025.166452
-195.910115,676,1026.095231
177.130197,547,1026.371137
25.591242,1000,1027.530679
170.875529,408,1027.755932
107.249934,617,1028.691413
212.358729,410,1028.897485
188.824752,445,1029.680479
206.825824,543,1029.947813
